{
  "dataset_path": "/Users/Papa/Desktop/RAG - Sopra Steria/RAG - Implementation/data/evaluation/natural_user_queries_748.jsonl",
  "num_queries": 748,
  "retrieval_k": 5,
  "candidate_k": 20,
  "index_dir": "/Users/Papa/Desktop/RAG - Sopra Steria/RAG - Implementation/.cache/index",
  "generated_at": "2026-06-21T21:33:27+00:00",
  "methods": {
    "dense_minilm": {
      "overall": {
        "recall@1": 0.6397058823529411,
        "recall@3": 0.7961229946524064,
        "recall@5": 0.8402406417112299,
        "mrr": 0.7399064171122997,
        "num_queries": 748
      },
      "by_difficulty": {
        "complex": {
          "recall@1": 0.145,
          "recall@3": 0.345,
          "recall@5": 0.415,
          "mrr": 0.39716666666666667,
          "num_queries": 100
        },
        "simple": {
          "recall@1": 0.7160493827160493,
          "recall@3": 0.8657407407407407,
          "recall@5": 0.9058641975308642,
          "mrr": 0.7927983539094645,
          "num_queries": 648
        }
      },
      "by_persona": {
        "CFO": {
          "recall@1": 0.7578125,
          "recall@3": 0.8828125,
          "recall@5": 0.90625,
          "mrr": 0.8606770833333334,
          "num_queries": 64
        },
        "ESG consultant": {
          "recall@1": 0.6875,
          "recall@3": 0.828125,
          "recall@5": 0.828125,
          "mrr": 0.7578125,
          "num_queries": 64
        },
        "asset manager": {
          "recall@1": 0.359375,
          "recall@3": 0.609375,
          "recall@5": 0.6875,
          "mrr": 0.5049479166666666,
          "num_queries": 64
        },
        "auditor": {
          "recall@1": 0.6875,
          "recall@3": 0.828125,
          "recall@5": 0.8828125,
          "mrr": 0.7835937500000001,
          "num_queries": 64
        },
        "bank analyst": {
          "recall@1": 0.796875,
          "recall@3": 0.9140625,
          "recall@5": 0.921875,
          "mrr": 0.8833333333333333,
          "num_queries": 64
        },
        "compliance officer": {
          "recall@1": 0.7734375,
          "recall@3": 0.875,
          "recall@5": 0.921875,
          "mrr": 0.8697916666666667,
          "num_queries": 64
        },
        "investor relations": {
          "recall@1": 0.8333333333333334,
          "recall@3": 0.9629629629629629,
          "recall@5": 0.9814814814814815,
          "mrr": 0.8925925925925928,
          "num_queries": 54
        },
        "legal counsel": {
          "recall@1": 0.4140625,
          "recall@3": 0.59375,
          "recall@5": 0.65625,
          "mrr": 0.53671875,
          "num_queries": 64
        },
        "operations manager": {
          "recall@1": 0.5234375,
          "recall@3": 0.71875,
          "recall@5": 0.7421875,
          "mrr": 0.6372395833333335,
          "num_queries": 64
        },
        "real estate manager": {
          "recall@1": 0.7037037037037037,
          "recall@3": 0.8703703703703703,
          "recall@5": 0.9259259259259259,
          "mrr": 0.790740740740741,
          "num_queries": 54
        },
        "reporting team": {
          "recall@1": 0.5,
          "recall@3": 0.6796875,
          "recall@5": 0.7578125,
          "mrr": 0.6174479166666668,
          "num_queries": 64
        },
        "sustainability officer": {
          "recall@1": 0.6796875,
          "recall@3": 0.828125,
          "recall@5": 0.90625,
          "mrr": 0.7757812500000001,
          "num_queries": 64
        }
      },
      "by_query_type": {
        "natural_multihop": {
          "recall@1": 0.145,
          "recall@3": 0.345,
          "recall@5": 0.415,
          "mrr": 0.39716666666666667,
          "num_queries": 100
        },
        "natural_simple": {
          "recall@1": 0.7160493827160493,
          "recall@3": 0.8657407407407407,
          "recall@5": 0.9058641975308642,
          "mrr": 0.7927983539094645,
          "num_queries": 648
        }
      }
    },
    "dense_mpnet": {
      "overall": {
        "recall@1": 0.6517379679144385,
        "recall@3": 0.804144385026738,
        "recall@5": 0.8435828877005348,
        "mrr": 0.7487299465240644,
        "num_queries": 748
      },
      "by_difficulty": {
        "complex": {
          "recall@1": 0.135,
          "recall@3": 0.335,
          "recall@5": 0.42,
          "mrr": 0.3968333333333333,
          "num_queries": 100
        },
        "simple": {
          "recall@1": 0.7314814814814815,
          "recall@3": 0.8765432098765432,
          "recall@5": 0.9089506172839507,
          "mrr": 0.8030349794238679,
          "num_queries": 648
        }
      },
      "by_persona": {
        "CFO": {
          "recall@1": 0.703125,
          "recall@3": 0.8359375,
          "recall@5": 0.890625,
          "mrr": 0.8005208333333332,
          "num_queries": 64
        },
        "ESG consultant": {
          "recall@1": 0.734375,
          "recall@3": 0.828125,
          "recall@5": 0.8359375,
          "mrr": 0.7825520833333333,
          "num_queries": 64
        },
        "asset manager": {
          "recall@1": 0.5625,
          "recall@3": 0.7734375,
          "recall@5": 0.8046875,
          "mrr": 0.6783854166666666,
          "num_queries": 64
        },
        "auditor": {
          "recall@1": 0.7109375,
          "recall@3": 0.8671875,
          "recall@5": 0.890625,
          "mrr": 0.8039062500000002,
          "num_queries": 64
        },
        "bank analyst": {
          "recall@1": 0.7734375,
          "recall@3": 0.8359375,
          "recall@5": 0.875,
          "mrr": 0.8528645833333334,
          "num_queries": 64
        },
        "compliance officer": {
          "recall@1": 0.734375,
          "recall@3": 0.8671875,
          "recall@5": 0.8984375,
          "mrr": 0.83203125,
          "num_queries": 64
        },
        "investor relations": {
          "recall@1": 0.7407407407407407,
          "recall@3": 0.9444444444444444,
          "recall@5": 0.9629629629629629,
          "mrr": 0.8225308641975311,
          "num_queries": 54
        },
        "legal counsel": {
          "recall@1": 0.234375,
          "recall@3": 0.46875,
          "recall@5": 0.5390625,
          "mrr": 0.37838541666666664,
          "num_queries": 64
        },
        "operations manager": {
          "recall@1": 0.5078125,
          "recall@3": 0.7109375,
          "recall@5": 0.8046875,
          "mrr": 0.6500000000000001,
          "num_queries": 64
        },
        "real estate manager": {
          "recall@1": 0.8148148148148148,
          "recall@3": 0.9259259259259259,
          "recall@5": 0.9444444444444444,
          "mrr": 0.8709876543209876,
          "num_queries": 54
        },
        "reporting team": {
          "recall@1": 0.5703125,
          "recall@3": 0.71875,
          "recall@5": 0.7734375,
          "mrr": 0.6768229166666667,
          "num_queries": 64
        },
        "sustainability officer": {
          "recall@1": 0.7734375,
          "recall@3": 0.9140625,
          "recall@5": 0.9375,
          "mrr": 0.8664062499999999,
          "num_queries": 64
        }
      },
      "by_query_type": {
        "natural_multihop": {
          "recall@1": 0.135,
          "recall@3": 0.335,
          "recall@5": 0.42,
          "mrr": 0.3968333333333333,
          "num_queries": 100
        },
        "natural_simple": {
          "recall@1": 0.7314814814814815,
          "recall@3": 0.8765432098765432,
          "recall@5": 0.9089506172839507,
          "mrr": 0.8030349794238679,
          "num_queries": 648
        }
      }
    },
    "bm25": {
      "overall": {
        "recall@1": 0.7794117647058824,
        "recall@3": 0.8870320855614974,
        "recall@5": 0.9157754010695187,
        "mrr": 0.866020499108735,
        "num_queries": 748
      },
      "by_difficulty": {
        "complex": {
          "recall@1": 0.24,
          "recall@3": 0.475,
          "recall@5": 0.55,
          "mrr": 0.5865,
          "num_queries": 100
        },