{
  "dataset_path": "/Users/Papa/Desktop/RAG - Sopra Steria/RAG - Implementation/data/evaluation/retrieval_golden_dataset.jsonl",
  "num_queries": 700,
  "retrieval_k": 5,
  "candidate_k": 20,
  "index_dir": "/Users/Papa/Desktop/RAG - Sopra Steria/RAG - Implementation/.cache/index",
  "generated_at": "2026-06-22T08:05:02+00:00",
  "methods": {
    "dense_minilm": {
      "overall": {
        "recall@1": 0.6823809523809521,
        "recall@3": 0.8180952380952382,
        "recall@5": 0.8619047619047618,
        "mrr": 0.8285952380952383,
        "num_queries": 700
      },
      "by_difficulty": {
        "complex": {
          "recall@1": 0.2633333333333334,
          "recall@3": 0.5083333333333333,
          "recall@5": 0.6066666666666667,
          "mrr": 0.65675,
          "num_queries": 200
        },
        "simple": {
          "recall@1": 0.85,
          "recall@3": 0.942,
          "recall@5": 0.964,
          "mrr": 0.8973333333333332,
          "num_queries": 500
        }
      },
      "by_persona": {},
      "by_query_type": {}
    },
    "dense_mpnet": {
      "overall": {
        "recall@1": 0.7349999999999997,
        "recall@3": 0.84,
        "recall@5": 0.8754761904761904,
        "mrr": 0.8709047619047624,
        "num_queries": 700
      },
      "by_difficulty": {
        "complex": {
          "recall@1": 0.2875000000000001,
          "recall@3": 0.495,
          "recall@5": 0.5991666666666667,
          "mrr": 0.6842499999999998,
          "num_queries": 200
        },
        "simple": {
          "recall@1": 0.914,
          "recall@3": 0.978,
          "recall@5": 0.986,
          "mrr": 0.9455666666666666,
          "num_queries": 500
        }
      },
      "by_persona": {},
      "by_query_type": {}
    },
    "bm25": {
      "overall": {
        "recall@1": 0.7309523809523806,
        "recall@3": 0.8838095238095236,
        "recall@5": 0.9261904761904759,
        "mrr": 0.8944047619047621,
        "num_queries": 700
      },
      "by_difficulty": {
        "complex": {
          "recall@1": 0.3433333333333334,
          "recall@3": 0.6833333333333332,
          "recall@5": 0.7966666666666665,
          "mrr": 0.8163333333333334,
          "num_queries": 200
        },
        "simple": {
          "recall@1": 0.886,
          "recall@3": 0.964,
          "recall@5": 0.978,
          "mrr": 0.9256333333333332,
          "num_queries": 500
        }
      },
      "by_persona": {},
      "by_query_type": {}
    },
    "hybrid_minilm": {
      "overall": {
        "recall@1": 0.7161904761904759,
        "recall@3": 0.8721428571428573,
        "recall@5": 0.9135714285714287,
        "mrr": 0.8725000000000003,
        "num_queries": 700
      },
      "by_difficulty": {
        "complex": {
          "recall@1": 0.3066666666666667,
          "recall@3": 0.6325,
          "recall@5": 0.7575000000000002,
          "mrr": 0.7425833333333332,
          "num_queries": 200
        },
        "simple": {
          "recall@1": 0.88,
          "recall@3": 0.968,
          "recall@5": 0.976,
          "mrr": 0.9244666666666665,
          "num_queries": 500
        }
      },
      "by_persona": {},
      "by_query_type": {}
    },
    "hybrid_mpnet": {
      "overall": {
        "recall@1": 0.7554761904761905,
        "recall@3": 0.8792857142857138,
        "recall@5": 0.9138095238095236,
        "mrr": 0.9028809523809527,
        "num_queries": 700
      },
      "by_difficulty": {
        "complex": {
          "recall@1": 0.3291666666666667,
          "recall@3": 0.6325000000000002,
          "recall@5": 0.7383333333333333,
          "mrr": 0.778,
          "num_queries": 200
        },
        "simple": {
          "recall@1": 0.926,
          "recall@3": 0.978,
          "recall@5": 0.984,
          "mrr": 0.9528333333333334,
          "num_queries": 500
        }
      },
      "by_persona": {},
      "by_query_type": {}
    }
  }
}
